Unnamed: 0,player,player_id,team,opponent,start_date,end_date,venue,match_type,is_captain,is_player_of_match,runs_scored,balls_faced,outs,fours,sixes,runs_conceded,balls_bowled,wickets,catches,stumpings,runouts,wickets_taken_players,dismissed_by,wicket_type,runs_powerplay,fours_powerplay,sixes_powerplay,wickets_powerplay,runs_middle,fours_middle,sixes_middle,wickets_middle,runs_death,fours_death,sixes_death,wickets_death,win,win_by_run,win_by_wickets,maidens,gender,batting_average,batting_strike_rate,bowling_average,bowling_strike_rate,bowling_economy,values,ai_alerts
0,Shane Watson,4329fbb5,Australia,Pakistan,2010-07-21,2010-07-24,Headingley,Test,False,True,29,67,2,5,0,56,96,6,0,0,0,"Imran Farhat, lbw, Azhar Ali, caught, Kamran Akmal, caught, Mohammad Amir, lbw, Umar Gul, bowled, Shoaib Malik, caught","['Mohammad Asif', 'Umar Amin']","['lbw', 'bowled']",9,2,0,0,20,3,0,0,0,0,0,6,-1,0,0,4,True,14.5,43.28358208955223,9.333333333333334,16.0,3.5,"{'batting_first_original_score': [46, 10, 17], 'batting_first_predicted_score': [17.502649307250977, 16.894548416137695, 17.383668899536133, 46.88678741455078], 'ceil_value': 117.4429357707703, 'chasing_first_original_score': [46, 10, 17], 'chasing_first_predicted_score': [15.148399353027344, 15.690384864807129, 14.435748100280762, 39.2408332824707], 'date_of_match': '2010-07-21 00:00:00', 'doi': 0.12205210181613473, 'economy': [1.5737916231155396], 'fes': 8, 'floor_value': 14.444493872756908, 'pcb': 0.9286590963602066, 'pfpp': 96.82899058948864, 'points': 0.09416935496995342, 'rank': 1.0, 'score': 50.5, 'strike_rate': [52.72755432128906], 'team1': [{'player_id': 2006, 'y': 112.21344757080078}, {'player_id': 10655, 'y': 100.61070251464844}, {'player_id': 2768, 'y': 100.30155944824219}, {'player_id': 10607, 'y': 99.6344985961914}, {'player_id': 10212, 'y': 98.71747589111328}, {'player_id': 10355, 'y': 98.64710235595703}, {'player_id': 10108, 'y': 95.19367218017578}, {'player_id': 2999, 'y': 91.83020782470703}, {'player_id': 2879, 'y': 90.25939178466797}, {'player_id': 5244, 'y': 89.69938659667969}, {'player_id': 9349, 'y': 88.0114517211914}], 'team2': [{'player_id': 9396, 'y': 86.67109680175781}, {'player_id': 1318, 'y': 86.31362915039062}, {'player_id': 6405, 'y': 85.76280212402344}, {'player_id': 3601, 'y': 84.10780334472656}, {'player_id': 2968, 'y': 83.09606170654297}, {'player_id': 4175, 'y': 81.61009216308594}, {'player_id': 3198, 'y': 81.25784301757812}, {'player_id': 10574, 'y': 78.3656997680664}, {'player_id': 484, 'y': 76.6075210571289}, {'player_id': 905, 'y': 75.64622497558594}, {'player_id': 1981, 'y': 71.5978775024414}], 'temp': 1065.118896484375, 'y_actual': [110, 108, 17, 19, 88, 58], 'y_pred': [89.00910186767578, 84.7922592163086, 89.30980682373047, 91.68116760253906, 84.7922592163086, 88.06825256347656]}","{""final_rating"":1.6953619490238347,""insights"":[{""en"":""Watson: 'Perfect storm' for Konstas to make Test debut"",""hi"":""वॉटसन: कॉन्स्टास के लिए टेस्ट डेब्यू के लिए 'परफेक्ट तूफान'""},{""en"":""'He can be successful as an opener' - Watson thinks Smith should stay put"",""hi"":""'वह ओपनर के तौर पर सफल हो सकते हैं' - वॉटसन का मानना ​​है कि स्मिथ को बने रहना चाहिए""},{""en"":""Watson: I think Pant is going to have a big series in Australia"",""hi"":""वॉटसन: मुझे लगता है कि पंत के लिए ऑस्ट्रेलिया में एक बड़ी सीरीज होने वाली है""},{""en"":""Shane Watson drops out of race to be Pakistan head coach"",""hi"":""शेन वॉटसन पाकिस्तान के मुख्य कोच बनने की दौड़ से बाहर हो गए""},{""en"":""PCB sounds out Shane Watson to coach Pakistan"",""hi"":""पीसीबी ने शेन वॉटसन को पाकिस्तान का कोच बनाने की घोषणा की है""}]}"
1,Simon Katich,fdedb37c,Australia,Pakistan,2010-07-21,2010-07-24,Headingley,Test,False,False,24,40,2,3,0,0,0,0,0,0,0,,"['Mohammad Amir', 'Mohammad Amir']","['lbw', 'bowled']",18,2,0,0,6,1,0,0,0,0,0,0,-1,0,0,0,True,12.0,60.0,0.0,0.0,0.0,"{'batting_first_original_score': [48, 32, 22], 'batting_first_predicted_score': [16.28141975402832, 15.890198707580566, 15.755824089050293, 43.918243408203125], 'ceil_value': 116.89133925356757, 'chasing_first_original_score': [48, 32, 22], 'chasing_first_predicted_score': [16.328998565673828, 16.188594818115234, 15.59393310546875, 38.8388671875], 'date_of_match': '2010-07-21 00:00:00', 'doi': 0.12205210181613473, 'economy': [0.3227274417877197], 'fes': 8, 'floor_value': -0.8080059202342298, 'pcb': 0.9286590963602066, 'pfpp': 96.82899058948864, 'points': 0.09354307666970682, 'rank': 2.0, 'score': 50.5, 'strike_rate': [44.3355598449707], 'team1': [{'player_id': 2006, 'y': 112.21344757080078}, {'player_id': 10655, 'y': 100.61070251464844}, {'player_id': 2768, 'y': 100.30155944824219}, {'player_id': 10607, 'y': 99.6344985961914}, {'player_id': 10212, 'y': 98.71747589111328}, {'player_id': 10355, 'y': 98.64710235595703}, {'player_id': 10108, 'y': 95.19367218017578}, {'player_id': 2999, 'y': 91.83020782470703}, {'player_id': 2879, 'y': 90.25939178466797}, {'player_id': 5244, 'y': 89.69938659667969}, {'player_id': 9349, 'y': 88.0114517211914}], 'team2': [{'player_id': 9396, 'y': 86.67109680175781}, {'player_id': 1318, 'y': 86.31362915039062}, {'player_id': 6405, 'y': 85.76280212402344}, {'player_id': 3601, 'y': 84.10780334472656}, {'player_id': 2968, 'y': 83.09606170654297}, {'player_id': 4175, 'y': 81.61009216308594}, {'player_id': 3198, 'y': 81.25784301757812}, {'player_id': 10574, 'y': 78.3656997680664}, {'player_id': 484, 'y': 76.6075210571289}, {'player_id': 905, 'y': 75.64622497558594}, {'player_id': 1981, 'y': 71.5978775024414}], 'temp': 1065.118896484375, 'y_actual': [110, 108, 17, 19, 88, 58], 'y_pred': [89.00910186767578, 84.7922592163086, 89.30980682373047, 91.68116760253906, 84.7922592163086, 88.06825256347656]}","{""final_rating"":1.7686120038124653,""insights"":[{""en"":""Katich to continue in charge of Manchester Originals men's team"",""hi"":""कैटिच मैनचेस्टर ओरिजिनल्स पुरुष टीम के प्रभारी बने रहेंगे""},{""en"":""'Absolutely has the skill': Watson backs Green as Test opener"",""hi"":""'बिल्कुल कौशल है': वॉटसन ने टेस्ट ओपनर के रूप में ग्रीन का समर्थन किया""},{""en"":""Shane Bond appointed MI Emirates head coach"",""hi"":""शेन बॉन्ड को एमआई एमिरेट्स का मुख्य कोच नियुक्त किया गया""},{""en"":""Boucher frontrunner to take over from Jayawardene as Mumbai Indians head coach"",""hi"":""बाउचर मुंबई इंडियंस के मुख्य कोच के रूप में जयवर्धने की जगह लेने की दौड़ में सबसे आगे हैं""},{""en"":""Simon Katich suggests 24hr turnaround between eliminator and final 'needs to be looked at'"",""hi"":""साइमन कैटिच का सुझाव है कि एलिमिनेटर और फाइनल के बीच 24 घंटे के बदलाव पर 'देखने की जरूरत है'""}]}"
2,Ricky Ponting,7d415ea5,Australia,Pakistan,2010-07-21,2010-07-24,Headingley,Test,False,False,72,138,2,7,0,0,0,0,0,0,0,,"['Mohammad Asif', 'Mohammad Amir']","['lbw', 'caught']",0,0,0,0,20,1,0,0,52,6,0,0,-1,0,0,0,True,36.0,52.17391304347826,0.0,0.0,0.0,"{'batting_first_original_score': [-2, -2, -2], 'batting_first_predicted_score': [16.338258743286133, 15.620132446289062, 15.546647071838379, 46.11188888549805], 'ceil_value': 116.29850246666166, 'chasing_first_original_score': [-2, -2, -2], 'chasing_first_predicted_score': [12.919977188110352, 13.29881477355957, 12.900357246398926, 32.894046783447266], 'date_of_match': '2010-07-21 00:00:00', 'doi': 0.12205210181613473, 'economy': [1.0425469875335693], 'fes': 8, 'floor_value': -2.2112750523314517, 'pcb': 0.9286590963602066, 'pfpp': 96.82899058948864, 'points': 0.08421537435186753, 'rank': 3.0, 'score': 50.5, 'strike_rate': [51.68693923950195], 'team1': [{'player_id': 2006, 'y': 112.21344757080078}, {'player_id': 10655, 'y': 100.61070251464844}, {'player_id': 2768, 'y': 100.30155944824219}, {'player_id': 10607, 'y': 99.6344985961914}, {'player_id': 10212, 'y': 98.71747589111328}, {'player_id': 10355, 'y': 98.64710235595703}, {'player_id': 10108, 'y': 95.19367218017578}, {'player_id': 2999, 'y': 91.83020782470703}, {'player_id': 2879, 'y': 90.25939178466797}, {'player_id': 5244, 'y': 89.69938659667969}, {'player_id': 9349, 'y': 88.0114517211914}], 'team2': [{'player_id': 9396, 'y': 86.67109680175781}, {'player_id': 1318, 'y': 86.31362915039062}, {'player_id': 6405, 'y': 85.76280212402344}, {'player_id': 3601, 'y': 84.10780334472656}, {'player_id': 2968, 'y': 83.09606170654297}, {'player_id': 4175, 'y': 81.61009216308594}, {'player_id': 3198, 'y': 81.25784301757812}, {'player_id': 10574, 'y': 78.3656997680664}, {'player_id': 484, 'y': 76.6075210571289}, {'player_id': 905, 'y': 75.64622497558594}, {'player_id': 1981, 'y': 71.5978775024414}], 'temp': 1065.118896484375, 'y_actual': [110, 108, 17, 19, 88, 58], 'y_pred': [89.00910186767578, 84.7922592163086, 89.30980682373047, 91.68116760253906, 84.7922592163086, 88.06825256347656]}","{""final_rating"":1.7084150085364675,""insights"":[{""en"":""Ponting on Shreyas Iyer: 'He'll be a great leader for our team'"",""hi"":""श्रेयस अय्यर पर पोंटिंग: 'वह हमारी टीम के लिए एक महान नेता होंगे'""},{""en"":""Vettori to leave Australia Test coaching duties for IPL auction"",""hi"":""आईपीएल नीलामी के लिए ऑस्ट्रेलिया टेस्ट कोचिंग की जिम्मेदारी छोड़ेंगे विटोरी""},{""en"":""Ricky Ponting on his Punjab Kings role: 'We are not going to sit back and just accept mediocrity'"",""hi"":""पंजाब किंग्स में अपनी भूमिका पर रिकी पोंटिंग: 'हम शांत नहीं बैठेंगे और सिर्फ सामान्यता स्वीकार नहीं करेंगे'""},{""en"":""Ponting appointed Punjab Kings head coach"",""hi"":""पोंटिंग को पंजाब किंग्स का मुख्य कोच नियुक्त किया गया""},{""en"":""Ponting tips Australia to beat India 3-1 in Border Gavaskar Trophy"",""hi"":""पोंटिंग ने ऑस्ट्रेलिया को बॉर्डर गावस्कर ट्रॉफी में भारत को 3-1 से हराने की सलाह दी""}]}"
3,Michael Clarke,f842c2cf,Australia,Pakistan,2010-07-21,2010-07-24,Headingley,Test,False,False,80,164,2,7,0,0,0,0,1,0,0,,"['Umar Gul', 'Mohammad Asif']","['bowled', 'caught']",0,0,0,0,4,0,0,0,76,7,0,0,-1,0,0,0,True,40.0,48.78048780487805,0.0,0.0,0.0,"{'batting_first_original_score': [15, 26, 44], 'batting_first_predicted_score': [42.8405647277832, 44.62291717529297, 42.90766143798828, 43.657169342041016], 'ceil_value': 120.21907006676847, 'chasing_first_original_score': [15, 26, 44], 'chasing_first_predicted_score': [37.97314453125, 36.71075439453125, 38.118900299072266, 38.98507308959961], 'date_of_match': '2010-07-21 00:00:00', 'doi': 0.12205210181613473, 'economy': [0.6504422426223755], 'fes': 8, 'floor_value': 2.432863634888996, 'pcb': 0.9286590963602066, 'pfpp': 96.82899058948864, 'points': 0.09261604754319946, 'rank': 4.0, 'score': 50.5, 'strike_rate': [46.72557830810547], 'team1': [{'player_id': 2006, 'y': 112.21344757080078}, {'player_id': 10655, 'y': 100.61070251464844}, {'player_id': 2768, 'y': 100.30155944824219}, {'player_id': 10607, 'y': 99.6344985961914}, {'player_id': 10212, 'y': 98.71747589111328}, {'player_id': 10355, 'y': 98.64710235595703}, {'player_id': 10108, 'y': 95.19367218017578}, {'player_id': 2999, 'y': 91.83020782470703}, {'player_id': 2879, 'y': 90.25939178466797}, {'player_id': 5244, 'y': 89.69938659667969}, {'player_id': 9349, 'y': 88.0114517211914}], 'team2': [{'player_id': 9396, 'y': 86.67109680175781}, {'player_id': 1318, 'y': 86.31362915039062}, {'player_id': 6405, 'y': 85.76280212402344}, {'player_id': 3601, 'y': 84.10780334472656}, {'player_id': 2968, 'y': 83.09606170654297}, {'player_id': 4175, 'y': 81.61009216308594}, {'player_id': 3198, 'y': 81.25784301757812}, {'player_id': 10574, 'y': 78.3656997680664}, {'player_id': 484, 'y': 76.6075210571289}, {'player_id': 905, 'y': 75.64622497558594}, {'player_id': 1981, 'y': 71.5978775024414}], 'temp': 1065.118896484375, 'y_actual': [110, 108, 17, 19, 88, 58], 'y_pred': [89.00910186767578, 84.7922592163086, 89.30980682373047, 91.68116760253906, 84.7922592163086, 88.06825256347656]}","{""final_rating"":1.564828465281736,""insights"":[{""en"":""Clarke and Finch question timing of Warner's ball-tampering comments"",""hi"":""क्लार्क और फिंच ने वार्नर की गेंद से छेड़छाड़ संबंधी टिप्पणी की टाइमिंग पर सवाल उठाए""},{""en"":""'Doesn't make sense' - Clarke questions CA capping Lyon's county stint"",""hi"":""'इसका कोई मतलब नहीं है' - क्लार्क ने सीए द्वारा ल्योन के काउंटी कार्यकाल की सीमा तय करने पर सवाल उठाए""},{""en"":""Finch puts spotlight on Australia middle order: 'They're not great numbers'"",""hi"":""फिंच ने ऑस्ट्रेलिया के मध्यक्रम पर निशाना साधा: 'वे महान संख्या नहीं हैं'""},{""en"":""Clarke: Warner's value stopped his contract being ripped up"",""hi"":""क्लार्क: वार्नर के मूल्य ने उनके अनुबंध को ख़त्म होने से रोक दिया""},{""en"":""Top 10 Chappell-Hadlee classics ft. McCullum, Symonds, Stoinis"",""hi"":""शीर्ष 10 चैपल-हैडली क्लासिक्स फीट मैकुलम, साइमंड्स, स्टोइनिस""}]}"
4,Michael Hussey,48fd7349,Australia,Pakistan,2010-07-21,2010-07-24,Headingley,Test,False,False,13,29,2,2,0,0,0,0,1,0,0,,"['Umar Gul', 'Mohammad Amir']","['lbw', 'caught']",0,0,0,0,5,1,0,0,8,1,0,0,-1,0,0,0,True,6.5,44.82758620689656,0.0,0.0,0.0,"{'batting_first_original_score': [6, 8, -2], 'batting_first_predicted_score': [17.406293869018555, 17.406293869018555, 16.805206298828125, 46.730712890625], 'ceil_value': 101.25958784137906, 'chasing_first_original_score': [6, 8, -2], 'chasing_first_predicted_score': [14.622650146484375, 14.87233829498291, 13.982903480529785, 38.25289535522461], 'date_of_match': '2010-07-21 00:00:00', 'doi': 0.12205210181613473, 'economy': [1.4453401565551758], 'fes': 8, 'floor_value': -0.46693692274388354, 'pcb': 0.9286590963602066, 'pfpp': 96.82899058948864, 'points': 0.08621592211706118, 'rank': 5.0, 'score': 50.5, 'strike_rate': [48.43894577026367], 'team1': [{'player_id': 2006, 'y': 112.21344757080078}, {'player_id': 10655, 'y': 100.61070251464844}, {'player_id': 2768, 'y': 100.30155944824219}, {'player_id': 10607, 'y': 99.6344985961914}, {'player_id': 10212, 'y': 98.71747589111328}, {'player_id': 10355, 'y': 98.64710235595703}, {'player_id': 10108, 'y': 95.19367218017578}, {'player_id': 2999, 'y': 91.83020782470703}, {'player_id': 2879, 'y': 90.25939178466797}, {'player_id': 5244, 'y': 89.69938659667969}, {'player_id': 9349, 'y': 88.0114517211914}], 'team2': [{'player_id': 9396, 'y': 86.67109680175781}, {'player_id': 1318, 'y': 86.31362915039062}, {'player_id': 6405, 'y': 85.76280212402344}, {'player_id': 3601, 'y': 84.10780334472656}, {'player_id': 2968, 'y': 83.09606170654297}, {'player_id': 4175, 'y': 81.61009216308594}, {'player_id': 3198, 'y': 81.25784301757812}, {'player_id': 10574, 'y': 78.3656997680664}, {'player_id': 484, 'y': 76.6075210571289}, {'player_id': 905, 'y': 75.64622497558594}, {'player_id': 1981, 'y': 71.5978775024414}], 'temp': 1065.118896484375, 'y_actual': [110, 108, 17, 19, 88, 58], 'y_pred': [89.00910186767578, 84.7922592163086, 89.30980682373047, 91.68116760253906, 84.7922592163086, 88.06825256347656]}","{""final_rating"":1.5159239635742103,""insights"":[{""en"":""Vettori to leave Australia Test coaching duties for IPL auction"",""hi"":""आईपीएल नीलामी के लिए ऑस्ट्रेलिया टेस्ट कोचिंग की जिम्मेदारी छोड़ेंगे विटोरी""},{""en"":""Hussey hopes Dhoni keeps going for 'another couple of years'"",""hi"":""हसी को उम्मीद है कि धोनी अगले कुछ वर्षों तक ऐसा करते रहेंगे""},{""en"":""SRH have a great plan A. Now they need a plan C"",""hi"":""SRH के पास शानदार प्लान A है। अब उन्हें प्लान C की जरूरत है""},{""en"":""Axar, Mukesh speak out against Impact Player rule: 'It only works for a batter's convenience'"",""hi"":""अक्षर, मुकेश ने इम्पैक्ट प्लेयर नियम के खिलाफ बोला: 'यह केवल बल्लेबाज की सुविधा के लिए काम करता है'""},{""en"":""Hussey on Rizvi's first-ball six off Rashid: 'That's just crazy, isn't it?'"",""hi"":""रशीद की पहली गेंद पर रिजवी के छक्के पर हसी: 'यह बिल्कुल पागलपन है, है ना?'""}]}"
5,Marcus North,99464591,Australia,Pakistan,2010-07-21,2010-07-24,Headingley,Test,False,False,16,38,2,2,0,0,0,0,3,0,0,,"['Umar Amin', 'Mohammad Amir']","['caught', 'bowled']",0,0,0,0,1,0,0,0,15,2,0,0,-1,0,0,0,True,8.0,42.10526315789473,0.0,0.0,0.0,"{'batting_first_original_score': [2, 22, 77], 'batting_first_predicted_score': [22.186887741088867, 21.752361297607422, 21.573545455932617, 46.831180572509766], 'ceil_value': 94.87122206879283, 'chasing_first_original_score': [2, 22, 77], 'chasing_first_predicted_score': [20.001474380493164, 18.275842666625977, 18.845476150512695, 34.42980194091797], 'date_of_match': '2010-07-21 00:00:00', 'doi': 0.12205210181613473, 'economy': [1.5377066135406494], 'fes': 8, 'floor_value': 3.1287779312071606, 'pcb': 0.9286590963602066, 'pfpp': 96.82899058948864, 'points': 0.08051946351444865, 'rank': 6.0, 'score': 38.50000000000001, 'strike_rate': [41.67367935180664], 'team1': [{'player_id': 2006, 'y': 112.21344757080078}, {'player_id': 10655, 'y': 100.61070251464844}, {'player_id': 2768, 'y': 100.30155944824219}, {'player_id': 10607, 'y': 99.6344985961914}, {'player_id': 10212, 'y': 98.71747589111328}, {'player_id': 10355, 'y': 98.64710235595703}, {'player_id': 10108, 'y': 95.19367218017578}, {'player_id': 2999, 'y': 91.83020782470703}, {'player_id': 2879, 'y': 90.25939178466797}, {'player_id': 5244, 'y': 89.69938659667969}, {'player_id': 9349, 'y': 88.0114517211914}], 'team2': [{'player_id': 9396, 'y': 86.67109680175781}, {'player_id': 1318, 'y': 86.31362915039062}, {'player_id': 6405, 'y': 85.76280212402344}, {'player_id': 3601, 'y': 84.10780334472656}, {'player_id': 2968, 'y': 83.09606170654297}, {'player_id': 4175, 'y': 81.61009216308594}, {'player_id': 3198, 'y': 81.25784301757812}, {'player_id': 10574, 'y': 78.3656997680664}, {'player_id': 484, 'y': 76.6075210571289}, {'player_id': 905, 'y': 75.64622497558594}, {'player_id': 1981, 'y': 71.5978775024414}], 'temp': 1065.118896484375, 'y_actual': [110, 108, 17, 19, 88, 58], 'y_pred': [89.00910186767578, 84.7922592163086, 89.30980682373047, 91.68116760253906, 84.7922592163086, 88.06825256347656]}","{""final_rating"":1.8312057498097325,""insights"":[{""en"":""Rob Key confirms interest in England managing director role"",""hi"":""रॉब की ने इंग्लैंड के प्रबंध निदेशक की भूमिका में रुचि की पुष्टि की""},{""en"":""Cameron Bancroft 'is a different person now' - Marcus North on Durham captaincy call"",""hi"":""कैमरून बैनक्रॉफ्ट 'अब एक अलग व्यक्ति हैं' - डरहम कप्तानी कॉल पर मार्कस नॉर्थ""},{""en"":""Yorkshire's Finch the Blast's class act"",""hi"":""यॉर्कशायर के फिंच द ब्लास्ट का बेहतरीन प्रदर्शन""},{""en"":""Klinger signed by Warriors"",""hi"":""वॉरियर्स द्वारा क्लिंगर पर हस्ताक्षर""},{""en"":""Derbys sign North as overseas player"",""hi"":""डर्बीज़ ने नॉर्थ को विदेशी खिलाड़ी के रूप में साइन किया""}]}"
6,Tim Paine,5748e866,Australia,Pakistan,2010-07-21,2010-07-24,Headingley,Test,False,False,50,131,2,7,0,0,0,0,6,0,0,,"['Mohammad Asif', 'Danish Kaneria']","['run out', 'caught', 'caught']",0,0,0,0,0,0,0,0,50,7,0,0,-1,0,0,0,True,25.0,38.16793893129771,0.0,0.0,0.0,"{'batting_first_original_score': [63, 47, 59], 'batting_first_predicted_score': [43.365936279296875, 42.17412185668945, 43.6170539855957, 45.61731719970703], 'ceil_value': 99.12204855339903, 'chasing_first_original_score': [63, 47, 59], 'chasing_first_predicted_score': [35.17057418823242, 33.0780143737793, 34.10148239135742, 31.05005645751953], 'date_of_match': '2010-07-21 00:00:00', 'doi': 0.12205210181613473, 'economy': [1.3503222465515137], 'fes': 8, 'floor_value': 14.728291582655395, 'pcb': 0.9286590963602066, 'pfpp': 96.82899058948864, 'points': 0.07896564751816926, 'rank': 7.0, 'score': 50.5, 'strike_rate': [42.0580940246582], 'team1': [{'player_id': 2006, 'y': 112.21344757080078}, {'player_id': 10655, 'y': 100.61070251464844}, {'player_id': 2768, 'y': 100.30155944824219}, {'player_id': 10607, 'y': 99.6344985961914}, {'player_id': 10212, 'y': 98.71747589111328}, {'player_id': 10355, 'y': 98.64710235595703}, {'player_id': 10108, 'y': 95.19367218017578}, {'player_id': 2999, 'y': 91.83020782470703}, {'player_id': 2879, 'y': 90.25939178466797}, {'player_id': 5244, 'y': 89.69938659667969}, {'player_id': 9349, 'y': 88.0114517211914}], 'team2': [{'player_id': 9396, 'y': 86.67109680175781}, {'player_id': 1318, 'y': 86.31362915039062}, {'player_id': 6405, 'y': 85.76280212402344}, {'player_id': 3601, 'y': 84.10780334472656}, {'player_id': 2968, 'y': 83.09606170654297}, {'player_id': 4175, 'y': 81.61009216308594}, {'player_id': 3198, 'y': 81.25784301757812}, {'player_id': 10574, 'y': 78.3656997680664}, {'player_id': 484, 'y': 76.6075210571289}, {'player_id': 905, 'y': 75.64622497558594}, {'player_id': 1981, 'y': 71.5978775024414}], 'temp': 1065.118896484375, 'y_actual': [110, 108, 17, 19, 88, 58], 'y_pred': [89.00910186767578, 84.7922592163086, 89.30980682373047, 91.68116760253906, 84.7922592163086, 88.06825256347656]}","{""final_rating"":1.7436807701893695,""insights"":[{""en"":""Paine makes rapid climb to Adelaide Strikers head coach"",""hi"":""पेन एडिलेड स्ट्राइकर्स के मुख्य कोच की कुर्सी पर तेजी से चढ़े""},{""en"":""Paine: Ellis should be in Australia's first-choice T20 attack"",""hi"":""पेन: एलिस को ऑस्ट्रेलिया की पहली पसंद टी20 आक्रमण में होना चाहिए""},{""en"":""Paine 'very interested' in Adelaide Strikers role if jobs are split"",""hi"":""यदि नौकरियाँ विभाजित होती हैं तो पेन एडिलेड स्ट्राइकर्स की भूमिका में 'बहुत रुचि' रखते हैं""},{""en"":""Paine: If I'm the opposition, I want Smith opening the batting"",""hi"":""पेन: अगर मैं विपक्षी हूं तो मैं चाहता हूं कि स्मिथ बल्लेबाजी की शुरुआत करें""},{""en"":""'That's embarrassing' - Tim Paine slams uneven SCG pitch"",""hi"":""'यह शर्मनाक है' - टिम पेन ने एससीजी की असमान पिच की आलोचना की""}]}"
7,Steven Smith,30a45b23,Australia,Pakistan,2010-07-21,2010-07-24,Headingley,Test,False,False,87,108,2,11,2,31,60,0,0,0,1,,"['Mohammad Amir', 'Umar Gul']","['bowled', 'bowled']",0,0,0,0,0,0,0,0,87,11,2,0,-1,0,0,2,True,43.5,80.55555555555556,0.0,0.0,0.0,"{'batting_first_original_score': [6, 42, 19], 'batting_first_predicted_score': [24.81923484802246, 25.36343002319336, 42.417015075683594, 45.08350372314453], 'ceil_value': 120.63306780242242, 'chasing_first_original_score': [6, 42, 19], 'chasing_first_predicted_score': [20.42900276184082, 20.402788162231445, 31.85541343688965, 35.87287521362305], 'date_of_match': '2010-07-21 00:00:00', 'doi': 0.12205210181613473, 'economy': [1.3713724613189697], 'fes': 8, 'floor_value': -0.03988142967692454, 'pcb': 0.9286590963602066, 'pfpp': 96.82899058948864, 'points': 0.10535297790808364, 'rank': 8.0, 'score': 50.5, 'strike_rate': [53.890621185302734], 'team1': [{'player_id': 2006, 'y': 112.21344757080078}, {'player_id': 10655, 'y': 100.61070251464844}, {'player_id': 2768, 'y': 100.30155944824219}, {'player_id': 10607, 'y': 99.6344985961914}, {'player_id': 10212, 'y': 98.71747589111328}, {'player_id': 10355, 'y': 98.64710235595703}, {'player_id': 10108, 'y': 95.19367218017578}, {'player_id': 2999, 'y': 91.83020782470703}, {'player_id': 2879, 'y': 90.25939178466797}, {'player_id': 5244, 'y': 89.69938659667969}, {'player_id': 9349, 'y': 88.0114517211914}], 'team2': [{'player_id': 9396, 'y': 86.67109680175781}, {'player_id': 1318, 'y': 86.31362915039062}, {'player_id': 6405, 'y': 85.76280212402344}, {'player_id': 3601, 'y': 84.10780334472656}, {'player_id': 2968, 'y': 83.09606170654297}, {'player_id': 4175, 'y': 81.61009216308594}, {'player_id': 3198, 'y': 81.25784301757812}, {'player_id': 10574, 'y': 78.3656997680664}, {'player_id': 484, 'y': 76.6075210571289}, {'player_id': 905, 'y': 75.64622497558594}, {'player_id': 1981, 'y': 71.5978775024414}], 'temp': 1065.118896484375, 'y_actual': [110, 108, 17, 19, 88, 58], 'y_pred': [89.00910186767578, 84.7922592163086, 89.30980682373047, 91.68116760253906, 84.7922592163086, 88.06825256347656]}","{""final_rating"":1.6910435418993703,""insights"":[{""en"":""Labuschagne faces vital week as Australia resist panic changes"",""hi"":""लेबुशैन को महत्वपूर्ण सप्ताह का सामना करना पड़ रहा है क्योंकि ऑस्ट्रेलिया आकस्मिक परिवर्तनों का विरोध कर रहा है""},{""en"":""Smith and Labuschagne's struggles part of an alarming trend for Australia"",""hi"":""स्मिथ और लाबुशेन का संघर्ष ऑस्ट्रेलिया के लिए एक चिंताजनक प्रवृत्ति का हिस्सा है""},{""en"":""For their legacy, Australia can't let this Border-Gavaskar series slip away"",""hi"":""अपनी विरासत के लिए, ऑस्ट्रेलिया इस बॉर्डर-गावस्कर श्रृंखला को अपने हाथ से जाने नहीं दे सकता""},{""en"":""Batting issues loom over Australia with big five in focus"",""hi"":""ऑस्ट्रेलिया पर बल्लेबाजी का संकट छाया हुआ है और फोकस पांच बड़ी टीमों पर है""},{""en"":""Maxwell's Test dream: 'While there's still a glimmer, I'll keep going for it'"",""hi"":""मैक्सवेल का टेस्ट सपना: 'हालांकि अभी भी कुछ झलक बाकी है, मैं इसके लिए प्रयास जारी रखूंगा'""}]}"
8,Mitchell Johnson,f5180fe6,Australia,Pakistan,2010-07-21,2010-07-24,Headingley,Test,False,False,12,26,2,1,0,114,156,2,0,0,0,"Umar Akmal, caught, Kamran Akmal, caught","['Mohammad Amir', 'Mohammad Asif']","['bowled', 'lbw']",0,0,0,0,0,0,0,0,12,1,0,2,-1,0,0,1,True,6.0,46.15384615384615,57.0,78.0,4.384615384615385,"{'batting_first_original_score': [4, 12, 4], 'batting_first_predicted_score': [17.24122428894043, 17.713123321533203, 17.282512664794922, 46.81355667114258], 'ceil_value': 110.71174201806572, 'chasing_first_original_score': [4, 12, 4], 'chasing_first_predicted_score': [15.978041648864746, 15.721166610717773, 15.961038589477539, 38.81540298461914], 'date_of_match': '2010-07-21 00:00:00', 'doi': 0.12205210181613473, 'economy': [3.23594069480896], 'fes': 8, 'floor_value': 12.931334905011198, 'pcb': 0.9286590963602066, 'pfpp': 96.82899058948864, 'points': 0.09268211860379987, 'rank': 9.0, 'score': 50.5, 'strike_rate': [44.88557815551758], 'team1': [{'player_id': 2006, 'y': 112.21344757080078}, {'player_id': 10655, 'y': 100.61070251464844}, {'player_id': 2768, 'y': 100.30155944824219}, {'player_id': 10607, 'y': 99.6344985961914}, {'player_id': 10212, 'y': 98.71747589111328}, {'player_id': 10355, 'y': 98.64710235595703}, {'player_id': 10108, 'y': 95.19367218017578}, {'player_id': 2999, 'y': 91.83020782470703}, {'player_id': 2879, 'y': 90.25939178466797}, {'player_id': 5244, 'y': 89.69938659667969}, {'player_id': 9349, 'y': 88.0114517211914}], 'team2': [{'player_id': 9396, 'y': 86.67109680175781}, {'player_id': 1318, 'y': 86.31362915039062}, {'player_id': 6405, 'y': 85.76280212402344}, {'player_id': 3601, 'y': 84.10780334472656}, {'player_id': 2968, 'y': 83.09606170654297}, {'player_id': 4175, 'y': 81.61009216308594}, {'player_id': 3198, 'y': 81.25784301757812}, {'player_id': 10574, 'y': 78.3656997680664}, {'player_id': 484, 'y': 76.6075210571289}, {'player_id': 905, 'y': 75.64622497558594}, {'player_id': 1981, 'y': 71.5978775024414}], 'temp': 1065.118896484375, 'y_actual': [110, 108, 17, 19, 88, 58], 'y_pred': [89.00910186767578, 84.7922592163086, 89.30980682373047, 91.68116760253906, 84.7922592163086, 88.06825256347656]}","{""final_rating"":1.6417437241951611,""insights"":[{""en"":""Mitchell Johnson hits out at Cricket Australia for awards invite"",""hi"":""मिशेल जॉनसन ने पुरस्कार आमंत्रण के लिए क्रिकेट ऑस्ट्रेलिया पर निशाना साधा""},{""en"":""Warner dead-bats Johnson's views: 'Everyone's entitled to their own opinions'"",""hi"":""वार्नर ने जॉनसन के विचारों की आलोचना की: 'हर किसी को अपनी राय रखने का अधिकार है'""},{""en"":""Johnson received 'pretty bad' text from Warner that sparked his column"",""hi"":""जॉनसन को वार्नर से 'काफ़ी ख़राब' संदेश मिला जिसने उनके कॉलम को भड़का दिया""},{""en"":""Khawaja lauds Warner as a 'hero' calling Johnson's criticism 'harsh'"",""hi"":""ख्वाजा ने वॉर्नर की तारीफ करते हुए उन्हें 'हीरो' बताया और जॉनसन की आलोचना को 'कठोर' बताया।""},{""en"":""Johnson lashes out at Warner, asks if he 'warrants a hero's send-off'"",""hi"":""जॉनसन ने वॉर्नर पर निशाना साधते हुए पूछा कि क्या वह 'एक हीरो की तरह विदाई चाहते हैं'""}]}"
9,Ben Hilfenhaus,f3171936,Australia,Pakistan,2010-07-21,2010-07-24,Headingley,Test,False,False,20,32,2,4,0,126,207,6,0,0,0,"Salman Butt, bowled, Umar Amin, caught, Danish Kaneria, run out, Salman Butt, caught, Umar Akmal, caught, Shoaib Malik, caught","['Umar Gul', 'Danish Kaneria']",['caught'],0,0,0,0,0,0,0,1,20,4,0,5,-1,0,0,4,True,10.0,62.5,21.0,34.5,3.652173913043478,"{'batting_first_original_score': [12, 45, 4], 'batting_first_predicted_score': [18.086027145385742, 17.040498733520508, 17.040498733520508, 46.29252243041992], 'ceil_value': 81.88297442298264, 'chasing_first_original_score': [12, 45, 4], 'chasing_first_predicted_score': [15.5082426071167, 13.819838523864746, 13.814994812011719, 38.81540298461914], 'date_of_match': '2010-07-21 00:00:00', 'doi': 0.12205210181613473, 'economy': [2.626490831375122], 'fes': 8, 'floor_value': 13.400358910350683, 'pcb': 0.9286590963602066, 'pfpp': 96.82899058948864, 'points': 0.08937375207066589, 'rank': 10.0, 'score': 50.5, 'strike_rate': [43.7752571105957], 'team1': [{'player_id': 2006, 'y': 112.21344757080078}, {'player_id': 10655, 'y': 100.61070251464844}, {'player_id': 2768, 'y': 100.30155944824219}, {'player_id': 10607, 'y': 99.6344985961914}, {'player_id': 10212, 'y': 98.71747589111328}, {'player_id': 10355, 'y': 98.64710235595703}, {'player_id': 10108, 'y': 95.19367218017578}, {'player_id': 2999, 'y': 91.83020782470703}, {'player_id': 2879, 'y': 90.25939178466797}, {'player_id': 5244, 'y': 89.69938659667969}, {'player_id': 9349, 'y': 88.0114517211914}], 'team2': [{'player_id': 9396, 'y': 86.67109680175781}, {'player_id': 1318, 'y': 86.31362915039062}, {'player_id': 6405, 'y': 85.76280212402344}, {'player_id': 3601, 'y': 84.10780334472656}, {'player_id': 2968, 'y': 83.09606170654297}, {'player_id': 4175, 'y': 81.61009216308594}, {'player_id': 3198, 'y': 81.25784301757812}, {'player_id': 10574, 'y': 78.3656997680664}, {'player_id': 484, 'y': 76.6075210571289}, {'player_id': 905, 'y': 75.64622497558594}, {'player_id': 1981, 'y': 71.5978775024414}], 'temp': 1065.118896484375, 'y_actual': [110, 108, 17, 19, 88, 58], 'y_pred': [89.00910186767578, 84.7922592163086, 89.30980682373047, 91.68116760253906, 84.7922592163086, 88.06825256347656]}","{""final_rating"":1.778449773844584,""insights"":[{""en"":""'I've been lucky to have taken 99 Test wickets more than most people'"",""hi"":""'मैं भाग्यशाली हूं कि मैंने अधिकांश लोगों से ज्यादा 99 टेस्ट विकेट लिए हैं'""},{""en"":""Daredevils sign Hilfenhaus to replace Duminy"",""hi"":""डेयरडेविल्स ने डुमिनी की जगह लेने के लिए हिल्फेनहास को साइन किया""},{""en"":""Stars brush aside Scorchers to take top position"",""hi"":""स्टार्स ने स्कॉर्चर्स को पछाड़कर शीर्ष स्थान हासिल किया""},{""en"":""Boland, Hilfenhaus lead Stars to comeback win"",""hi"":""बोलैंड, हिल्फेनहास ने सितारों को वापसी की जीत दिलाई""},{""en"":""Why doesn't cricket have proper metrics for fielding?"",""hi"":""क्रिकेट में क्षेत्ररक्षण के लिए उचित मेट्रिक्स क्यों नहीं हैं?""}]}"
10,Doug Bollinger,45c2196c,Australia,Pakistan,2010-07-21,2010-07-24,Headingley,Test,False,False,2,11,0,0,0,111,188,3,0,0,0,"Imran Farhat, bowled, Umar Amin, caught, Azhar Ali, caught",[],[],0,0,0,0,0,0,0,0,2,0,0,3,-1,0,0,6,True,2.0,18.181818181818183,37.0,62.66666666666666,3.542553191489361,"{'batting_first_original_score': [100, 4, 31], 'batting_first_predicted_score': [41.38164520263672, 17.35865020751953, 17.58484649658203, 46.88678741455078], 'ceil_value': 81.96465768248521, 'chasing_first_original_score': [100, 4, 31], 'chasing_first_predicted_score': [30.40342140197754, 14.719929695129395, 14.530144691467285, 35.62349319458008], 'date_of_match': '2010-07-21 00:00:00', 'doi': 0.12205210181613473, 'economy': [1.6127766370773315], 'fes': 8, 'floor_value': 8.888675650848135, 'pcb': 0.9286590963602066, 'pfpp': 96.82899058948864, 'points': 0.0847411421228053, 'rank': 11.0, 'score': nan, 'strike_rate': [46.642398834228516], 'team1': [{'player_id': 2006, 'y': 112.21344757080078}, {'player_id': 10655, 'y': 100.61070251464844}, {'player_id': 2768, 'y': 100.30155944824219}, {'player_id': 10607, 'y': 99.6344985961914}, {'player_id': 10212, 'y': 98.71747589111328}, {'player_id': 10355, 'y': 98.64710235595703}, {'player_id': 10108, 'y': 95.19367218017578}, {'player_id': 2999, 'y': 91.83020782470703}, {'player_id': 2879, 'y': 90.25939178466797}, {'player_id': 5244, 'y': 89.69938659667969}, {'player_id': 9349, 'y': 88.0114517211914}], 'team2': [{'player_id': 9396, 'y': 86.67109680175781}, {'player_id': 1318, 'y': 86.31362915039062}, {'player_id': 6405, 'y': 85.76280212402344}, {'player_id': 3601, 'y': 84.10780334472656}, {'player_id': 2968, 'y': 83.09606170654297}, {'player_id': 4175, 'y': 81.61009216308594}, {'player_id': 3198, 'y': 81.25784301757812}, {'player_id': 10574, 'y': 78.3656997680664}, {'player_id': 484, 'y': 76.6075210571289}, {'player_id': 905, 'y': 75.64622497558594}, {'player_id': 1981, 'y': 71.5978775024414}], 'temp': 1065.118896484375, 'y_actual': [110, 108, 17, 19, 88, 58], 'y_pred': [89.00910186767578, 84.7922592163086, 89.30980682373047, 91.68116760253906, 84.7922592163086, 88.06825256347656]}","{""final_rating"":1.7669140955436824,""insights"":[{""en"":""'One of the greats to don the baggy blue'"",""hi"":""'बैगी ब्लू पहनने वाले महान लोगों में से एक'""},{""en"":""Bollinger retires as Sheffield Shield resumes"",""hi"":""शेफ़ील्ड शील्ड के फिर से शुरू होते ही बोलिंगर सेवानिवृत्त हो गए""},{""en"":""Mane attraction"",""hi"":""अयाल आकर्षण""},{""en"":""Bollinger bowls New South Wales to win"",""hi"":""बोलिंगर ने न्यू साउथ वेल्स को बोल्ड कर जीत दिलाई""},{""en"":""Bollinger, Hughes help New South Wales into finals"",""hi"":""बोलिंगर, ह्यूज ने न्यू साउथ वेल्स को फाइनल में पहुंचाया""}]}"
11,Imran Farhat,480ed517,Pakistan,Australia,2010-07-21,2010-07-24,Headingley,Test,False,False,110,179,2,14,0,0,0,0,0,0,0,,"['SR Watson', 'DE Bollinger']","['lbw', 'bowled']",17,3,0,0,24,3,0,0,69,8,0,0,1,0,3,0,True,55.0,61.452513966480446,0.0,0.0,0.0,"{'batting_first_original_score': [-1, 2, 2], 'batting_first_predicted_score': [22.04895782470703, 22.499103546142578, 21.39933204650879, 43.38483428955078], 'ceil_value': 94.66885106032171, 'chasing_first_original_score': [-1, 2, 2], 'chasing_first_predicted_score': [17.339468002319336, 18.492006301879883, 17.70448112487793, 37.639747619628906], 'date_of_match': '2010-07-21 00:00:00', 'doi': 0.12205210181613473, 'economy': [1.6569322347640991], 'fes': 8, 'floor_value': 3.1516617601911108, 'pcb': 0.9286590963602066, 'pfpp': 96.82899058948864, 'points': 0.07801576141482151, 'rank': 12.0, 'score': nan, 'strike_rate': [42.47877502441406], 'team1': [{'player_id': 2006, 'y': 112.21344757080078}, {'player_id': 10655, 'y': 100.61070251464844}, {'player_id': 2768, 'y': 100.30155944824219}, {'player_id': 10607, 'y': 99.6344985961914}, {'player_id': 10212, 'y': 98.71747589111328}, {'player_id': 10355, 'y': 98.64710235595703}, {'player_id': 10108, 'y': 95.19367218017578}, {'player_id': 2999, 'y': 91.83020782470703}, {'player_id': 2879, 'y': 90.25939178466797}, {'player_id': 5244, 'y': 89.69938659667969}, {'player_id': 9349, 'y': 88.0114517211914}], 'team2': [{'player_id': 9396, 'y': 86.67109680175781}, {'player_id': 1318, 'y': 86.31362915039062}, {'player_id': 6405, 'y': 85.76280212402344}, {'player_id': 3601, 'y': 84.10780334472656}, {'player_id': 2968, 'y': 83.09606170654297}, {'player_id': 4175, 'y': 81.61009216308594}, {'player_id': 3198, 'y': 81.25784301757812}, {'player_id': 10574, 'y': 78.3656997680664}, {'player_id': 484, 'y': 76.6075210571289}, {'player_id': 905, 'y': 75.64622497558594}, {'player_id': 1981, 'y': 71.5978775024414}], 'temp': 1065.118896484375, 'y_actual': [110, 108, 17, 19, 88, 58], 'y_pred': [89.00910186767578, 84.7922592163086, 89.30980682373047, 91.68116760253906, 84.7922592163086, 88.06825256347656]}","{""final_rating"":1.6408949247714213,""insights"":[{""en"":""Naved-ul-Hasan, Imran Farhat to coach at Afghanistan's high performance centre"",""hi"":""Naved-ul-Hasan, Imran Farhat to coach at Afghanistan's high performance centre""},{""en"":""Habib Bank lift Quaid-e-Azam Trophy after tense draw"",""hi"":""तनावपूर्ण ड्रा के बाद हबीब बैंक ने क़ैद-ए-आज़म ट्रॉफी जीती""},{""en"":""Sui Gas inflict two-day thrashing upon Lahore Blues, WAPDA beat KRL"",""hi"":""सुई गैस ने लाहौर ब्लूज़ को दो दिवसीय करारी शिकस्त दी, WAPDA ने KRL को हराया""},{""en"":""Quaid-e-Azam trophy first round - Misbah exposes filthy dressing room at LCCA ground"",""hi"":""कायद-ए-आज़म ट्रॉफी का पहला राउंड - मिस्बाह ने एलसीसीए ग्राउंड में गंदे ड्रेसिंग रूम का खुलासा किया""},{""en"":""Imran Farhat retires from international cricket"",""hi"":""इमरान फरहत ने अंतरराष्ट्रीय क्रिकेट से संन्यास ले लिया है""}]}"
12,Salman Butt,4d6d6280,Pakistan,Australia,2010-07-21,2010-07-24,Headingley,Test,False,False,58,84,2,10,0,0,0,0,0,0,0,,"['BW Hilfenhaus', 'BW Hilfenhaus']","['bowled', 'caught']",22,4,0,0,33,6,0,0,3,0,0,0,1,0,3,0,True,29.0,69.04761904761905,0.0,0.0,0.0,"{'batting_first_original_score': [18, 5, 23], 'batting_first_predicted_score': [16.850505828857422, 16.860286712646484, 16.301189422607422, 42.71745681762695], 'ceil_value': 91.80634850371172, 'chasing_first_original_score': [18, 5, 23], 'chasing_first_predicted_score': [15.150959014892578, 15.18043327331543, 15.599981307983398, 38.521175384521484], 'date_of_match': '2010-07-21 00:00:00', 'doi': 0.12205210181613473, 'economy': [1.1910418272018433], 'fes': 8, 'floor_value': -0.5868363085897599, 'pcb': 0.9286590963602066, 'pfpp': 96.82899058948864, 'points': 0.07628992714877644, 'rank': 13.0, 'score': 50.5, 'strike_rate': [45.168617248535156], 'team1': [{'player_id': 2006, 'y': 112.21344757080078}, {'player_id': 10655, 'y': 100.61070251464844}, {'player_id': 2768, 'y': 100.30155944824219}, {'player_id': 10607, 'y': 99.6344985961914}, {'player_id': 10212, 'y': 98.71747589111328}, {'player_id': 10355, 'y': 98.64710235595703}, {'player_id': 10108, 'y': 95.19367218017578}, {'player_id': 2999, 'y': 91.83020782470703}, {'player_id': 2879, 'y': 90.25939178466797}, {'player_id': 5244, 'y': 89.69938659667969}, {'player_id': 9349, 'y': 88.0114517211914}], 'team2': [{'player_id': 9396, 'y': 86.67109680175781}, {'player_id': 1318, 'y': 86.31362915039062}, {'player_id': 6405, 'y': 85.76280212402344}, {'player_id': 3601, 'y': 84.10780334472656}, {'player_id': 2968, 'y': 83.09606170654297}, {'player_id': 4175, 'y': 81.61009216308594}, {'player_id': 3198, 'y': 81.25784301757812}, {'player_id': 10574, 'y': 78.3656997680664}, {'player_id': 484, 'y': 76.6075210571289}, {'player_id': 905, 'y': 75.64622497558594}, {'player_id': 1981, 'y': 71.5978775024414}], 'temp': 1065.118896484375, 'y_actual': [110, 108, 17, 19, 88, 58], 'y_pred': [89.00910186767578, 84.7922592163086, 89.30980682373047, 91.68116760253906, 84.7922592163086, 88.06825256347656]}","{""final_rating"":1.7054599003458002,""insights"":[{""en"":""PCB withdraws Butt's name as selection consultant day after appointment"",""hi"":""पीसीबी ने नियुक्ति के एक दिन बाद चयन सलाहकार के रूप में बट का नाम वापस ले लिया""},{""en"":""Salman Butt, Kamran Akmal and Rao Iftikhar to assist chief selector Wahab Riaz"",""hi"":""मुख्य चयनकर्ता वहाब रियाज़ की सहायता के लिए सलमान बट, कामरान अकमल और राव इफ्तिखार""},{""en"":""Anatomical XI: A hand-on-heart list of champions from Head to Foot"",""hi"":""एनाटॉमिकल XI: सिर से पैर तक चैंपियनों की एक हाथ से लिखी सूची""},{""en"":""Salman Butt appointed Singapore consulting head coach"",""hi"":""सलमान बट को सिंगापुर परामर्श मुख्य कोच नियुक्त किया गया""},{""en"":""With no 'future with Pakistan' in Test cricket, Salman Butt turns focus to non-playing role"",""hi"":""टेस्ट क्रिकेट में 'पाकिस्तान के साथ कोई भविष्य' नहीं होने के कारण, सलमान बट ने गैर-खेलने वाली भूमिका पर ध्यान केंद्रित किया""}]}"
13,Azhar Ali,211de69f,Pakistan,Australia,2010-07-21,2010-07-24,Headingley,Test,False,False,81,174,2,9,0,0,0,0,1,0,0,,"['SR Watson', 'DE Bollinger']","['caught', 'caught']",0,0,0,0,25,3,0,0,56,6,0,0,1,0,3,0,True,40.5,46.55172413793103,0.0,0.0,0.0,"{'batting_first_original_score': [46, 30, 14], 'batting_first_predicted_score': [43.81550979614258, 38.72339630126953, 38.84047317504883, 47.93300247192383], 'ceil_value': 131.51962189020958, 'chasing_first_original_score': [46, 30, 14], 'chasing_first_predicted_score': [29.791608810424805, 26.907634735107422, 27.396787643432617, 32.308006286621094], 'date_of_match': '2010-07-21 00:00:00', 'doi': 0.12205210181613473, 'economy': [1.2574963569641113], 'fes': 8, 'floor_value': 8.24401447342678, 'pcb': 0.9286590963602066, 'pfpp': 96.82899058948864, 'points': 0.08103661425525824, 'rank': 14.0, 'score': 67.0, 'strike_rate': [44.70509338378906], 'team1': [{'player_id': 2006, 'y': 112.21344757080078}, {'player_id': 10655, 'y': 100.61070251464844}, {'player_id': 2768, 'y': 100.30155944824219}, {'player_id': 10607, 'y': 99.6344985961914}, {'player_id': 10212, 'y': 98.71747589111328}, {'player_id': 10355, 'y': 98.64710235595703}, {'player_id': 10108, 'y': 95.19367218017578}, {'player_id': 2999, 'y': 91.83020782470703}, {'player_id': 2879, 'y': 90.25939178466797}, {'player_id': 5244, 'y': 89.69938659667969}, {'player_id': 9349, 'y': 88.0114517211914}], 'team2': [{'player_id': 9396, 'y': 86.67109680175781}, {'player_id': 1318, 'y': 86.31362915039062}, {'player_id': 6405, 'y': 85.76280212402344}, {'player_id': 3601, 'y': 84.10780334472656}, {'player_id': 2968, 'y': 83.09606170654297}, {'player_id': 4175, 'y': 81.61009216308594}, {'player_id': 3198, 'y': 81.25784301757812}, {'player_id': 10574, 'y': 78.3656997680664}, {'player_id': 484, 'y': 76.6075210571289}, {'player_id': 905, 'y': 75.64622497558594}, {'player_id': 1981, 'y': 71.5978775024414}], 'temp': 1065.118896484375, 'y_actual': [110, 108, 17, 19, 88, 58], 'y_pred': [89.00910186767578, 84.7922592163086, 89.30980682373047, 91.68116760253906, 84.7922592163086, 88.06825256347656]}","{""final_rating"":1.7580688196005396,""insights"":[{""en"":""Azhar Ali appointed PCB's head of youth development"",""hi"":""अज़हर अली को पीसीबी का युवा विकास प्रमुख नियुक्त किया गया""},{""en"":""PCB restructures selection committee by picking Aleem Dar, Aaqib, Azhar"",""hi"":""पीसीबी ने अलीम डार, आकिब, अज़हर को चुनकर चयन समिति का पुनर्गठन किया""},{""en"":""Azhar Ali anchors Worcestershire to second straight win"",""hi"":""अज़हर अली ने वॉर्सेस्टरशायर को लगातार दूसरी जीत दिलाई""},{""en"":""Worcestershire fall five runs short in thrilling draw at Sussex"",""hi"":""ससेक्स के साथ रोमांचक ड्रा में वॉर्सेस्टरशायर पांच रन से पिछड़ गया""},{""en"":""Azhar Ali, Mohammad Abbas star to open up County season"",""hi"":""काउंटी सीज़न की शुरुआत करने के लिए अज़हर अली, मोहम्मद अब्बास स्टार""}]}"
14,Umar Amin,3029e282,Pakistan,Australia,2010-07-21,2010-07-24,Headingley,Test,False,False,25,58,2,4,0,19,50,2,0,0,1,"MJ North, caught, SR Watson, bowled","['BW Hilfenhaus', 'DE Bollinger']","['caught', 'caught']",0,0,0,0,0,0,0,1,25,4,0,1,1,0,3,1,True,12.5,43.103448275862064,9.5,25.0,2.28,"{'batting_first_original_score': [125, 12, 2], 'batting_first_predicted_score': [41.631378173828125, 35.8875732421875, 36.8071403503418, 47.465293884277344], 'ceil_value': 49.60726968806164, 'chasing_first_original_score': [125, 12, 2], 'chasing_first_predicted_score': [36.69916915893555, 27.736896514892578, 27.48600959777832, 34.16276931762695], 'date_of_match': '2010-07-21 00:00:00', 'doi': 0.12205210181613473, 'economy': [1.3786492347717285], 'fes': 8, 'floor_value': -3.8106595185701195, 'pcb': 0.9286590963602066, 'pfpp': 96.82899058948864, 'points': 0.06722054949805477, 'rank': 15.0, 'score': nan, 'strike_rate': [44.72911834716797], 'team1': [{'player_id': 2006, 'y': 112.21344757080078}, {'player_id': 10655, 'y': 100.61070251464844}, {'player_id': 2768, 'y': 100.30155944824219}, {'player_id': 10607, 'y': 99.6344985961914}, {'player_id': 10212, 'y': 98.71747589111328}, {'player_id': 10355, 'y': 98.64710235595703}, {'player_id': 10108, 'y': 95.19367218017578}, {'player_id': 2999, 'y': 91.83020782470703}, {'player_id': 2879, 'y': 90.25939178466797}, {'player_id': 5244, 'y': 89.69938659667969}, {'player_id': 9349, 'y': 88.0114517211914}], 'team2': [{'player_id': 9396, 'y': 86.67109680175781}, {'player_id': 1318, 'y': 86.31362915039062}, {'player_id': 6405, 'y': 85.76280212402344}, {'player_id': 3601, 'y': 84.10780334472656}, {'player_id': 2968, 'y': 83.09606170654297}, {'player_id': 4175, 'y': 81.61009216308594}, {'player_id': 3198, 'y': 81.25784301757812}, {'player_id': 10574, 'y': 78.3656997680664}, {'player_id': 484, 'y': 76.6075210571289}, {'player_id': 905, 'y': 75.64622497558594}, {'player_id': 1981, 'y': 71.5978775024414}], 'temp': 1065.118896484375, 'y_actual': [110, 108, 17, 19, 88, 58], 'y_pred': [89.00910186767578, 84.7922592163086, 89.30980682373047, 91.68116760253906, 84.7922592163086, 88.06825256347656]}","{""final_rating"":1.7670966049052426,""insights"":[{""en"":""Jaydev Unadkat takes six as Sussex revive promotion challenge"",""hi"":""Jaydev Unadkat takes six as Sussex revive promotion challenge""},{""en"":""Ackermann keeps Foxes in the hunt in promotion face-off against Sussex"",""hi"":""एकरमैन ने ससेक्स के खिलाफ प्रमोशन मुकाबले में फॉक्स को शिकार में बनाए रखा है""},{""en"":""Northern demolish Sindh to win Quaid-e-Azam title for the first time"",""hi"":""नॉर्दर्न ने सिंध को ध्वस्त कर पहली बार कायदे आजम का खिताब जीता""},{""en"":""Hurraira 221, centuries from Amin and Waheed give Northern total control"",""hi"":""हुरैरा 221, अमीन और वहीद के शतक उत्तरी कुल नियंत्रण देते हैं""},{""en"":""Hurraira 193*, Amin 79* give Northern first-innings lead"",""hi"":""हुरैरा 193*, अमीन 79* ने नॉर्दर्न को पहली पारी में बढ़त दिलाई""}]}"
15,Umar Akmal,fd2bf2a0,Pakistan,Australia,2010-07-21,2010-07-24,Headingley,Test,False,False,29,42,2,2,1,0,0,0,2,0,0,,"['MG Johnson', 'BW Hilfenhaus']","['caught', 'caught']",0,0,0,0,0,0,0,0,29,2,1,0,1,0,3,0,True,14.5,69.04761904761905,0.0,0.0,0.0,"{'batting_first_original_score': [18, -2, 54], 'batting_first_predicted_score': [17.342405319213867, 17.37945556640625, 17.351268768310547, 39.52627944946289], 'ceil_value': 70.20784692448312, 'chasing_first_original_score': [18, -2, 54], 'chasing_first_predicted_score': [16.112119674682617, 16.246580123901367, 15.69729995727539, 41.696571350097656], 'date_of_match': '2010-07-21 00:00:00', 'doi': 0.12205210181613473, 'economy': [0.7084876298904419], 'fes': 8, 'floor_value': 2.0815421430409913, 'pcb': 0.9286590963602066, 'pfpp': 96.82899058948864, 'points': 0.07357460282295912, 'rank': 16.0, 'score': 56.275, 'strike_rate': [55.321449279785156], 'team1': [{'player_id': 2006, 'y': 112.21344757080078}, {'player_id': 10655, 'y': 100.61070251464844}, {'player_id': 2768, 'y': 100.30155944824219}, {'player_id': 10607, 'y': 99.6344985961914}, {'player_id': 10212, 'y': 98.71747589111328}, {'player_id': 10355, 'y': 98.64710235595703}, {'player_id': 10108, 'y': 95.19367218017578}, {'player_id': 2999, 'y': 91.83020782470703}, {'player_id': 2879, 'y': 90.25939178466797}, {'player_id': 5244, 'y': 89.69938659667969}, {'player_id': 9349, 'y': 88.0114517211914}], 'team2': [{'player_id': 9396, 'y': 86.67109680175781}, {'player_id': 1318, 'y': 86.31362915039062}, {'player_id': 6405, 'y': 85.76280212402344}, {'player_id': 3601, 'y': 84.10780334472656}, {'player_id': 2968, 'y': 83.09606170654297}, {'player_id': 4175, 'y': 81.61009216308594}, {'player_id': 3198, 'y': 81.25784301757812}, {'player_id': 10574, 'y': 78.3656997680664}, {'player_id': 484, 'y': 76.6075210571289}, {'player_id': 905, 'y': 75.64622497558594}, {'player_id': 1981, 'y': 71.5978775024414}], 'temp': 1065.118896484375, 'y_actual': [110, 108, 17, 19, 88, 58], 'y_pred': [89.00910186767578, 84.7922592163086, 89.30980682373047, 91.68116760253906, 84.7922592163086, 88.06825256347656]}","{""final_rating"":1.7589163458023593,""insights"":[{""en"":""Munro, Azam, Ashraf seal Islamabad United's playoff spot"",""hi"":""मुनरो, आज़म, अशरफ ने इस्लामाबाद यूनाइटेड के प्लेऑफ़ स्थान को सील कर दिया""},{""en"":""Sarfaraz's late assault leads Quetta to dramatic win"",""hi"":""सरफराज के अंतिम आक्रमण से क्वेटा को नाटकीय जीत मिली""},{""en"":""New-look Gladiators hope to put recent slump behind them; Amir's form crucial to Karachi Kings' chances"",""hi"":""नए रूप वाले ग्लेडियेटर्स को उम्मीद है कि वे हाल की मंदी को पीछे छोड़ देंगे; कराची किंग्स की संभावनाओं के लिए आमिर का फॉर्म महत्वपूर्ण है""},{""en"":""Umar Akmal leaves Pakistan for league cricket in California"",""hi"":""उमर अकमल कैलिफोर्निया में लीग क्रिकेट के लिए पाकिस्तान छोड़ गए""},{""en"":""Umar Akmal apologises for not reporting corrupt approaches"",""hi"":""उमर अकमल ने भ्रष्ट संपर्कों की रिपोर्ट न करने के लिए माफ़ी मांगी""}]}"
16,Shoaib Malik,64c34cd0,Pakistan,Australia,2010-07-21,2010-07-24,Headingley,Test,False,False,36,72,2,3,0,0,0,0,0,0,0,,"['SR Watson', 'BW Hilfenhaus']","['caught', 'caught']",0,0,0,0,0,0,0,0,36,3,0,0,1,0,3,0,True,18.0,50.0,0.0,0.0,0.0,"{'batting_first_original_score': [1, 47, 29], 'batting_first_predicted_score': [17.164289474487305, 17.929235458374023, 17.735960006713867, 41.5233154296875], 'ceil_value': 85.77432004315312, 'chasing_first_original_score': [1, 47, 29], 'chasing_first_predicted_score': [15.246821403503418, 16.098735809326172, 15.457966804504395, 37.356117248535156], 'date_of_match': '2010-07-21 00:00:00', 'doi': 0.12205210181613473, 'economy': [1.6459996700286865], 'fes': 8, 'floor_value': 5.022554956846868, 'pcb': 0.9286590963602066, 'pfpp': 96.82899058948864, 'points': 0.07662064059933156, 'rank': 17.0, 'score': 50.5, 'strike_rate': [50.14944839477539], 'team1': [{'player_id': 2006, 'y': 112.21344757080078}, {'player_id': 10655, 'y': 100.61070251464844}, {'player_id': 2768, 'y': 100.30155944824219}, {'player_id': 10607, 'y': 99.6344985961914}, {'player_id': 10212, 'y': 98.71747589111328}, {'player_id': 10355, 'y': 98.64710235595703}, {'player_id': 10108, 'y': 95.19367218017578}, {'player_id': 2999, 'y': 91.83020782470703}, {'player_id': 2879, 'y': 90.25939178466797}, {'player_id': 5244, 'y': 89.69938659667969}, {'player_id': 9349, 'y': 88.0114517211914}], 'team2': [{'player_id': 9396, 'y': 86.67109680175781}, {'player_id': 1318, 'y': 86.31362915039062}, {'player_id': 6405, 'y': 85.76280212402344}, {'player_id': 3601, 'y': 84.10780334472656}, {'player_id': 2968, 'y': 83.09606170654297}, {'player_id': 4175, 'y': 81.61009216308594}, {'player_id': 3198, 'y': 81.25784301757812}, {'player_id': 10574, 'y': 78.3656997680664}, {'player_id': 484, 'y': 76.6075210571289}, {'player_id': 905, 'y': 75.64622497558594}, {'player_id': 1981, 'y': 71.5978775024414}], 'temp': 1065.118896484375, 'y_actual': [110, 108, 17, 19, 88, 58], 'y_pred': [89.00910186767578, 84.7922592163086, 89.30980682373047, 91.68116760253906, 84.7922592163086, 88.06825256347656]}","{""final_rating"":1.8323510688539055,""insights"":[{""en"":""Misbah joins as one of five PCB mentors 'to reduce the gap between domestic and international cricket'"",""hi"":""'घरेलू और अंतरराष्ट्रीय क्रिकेट के बीच अंतर को कम करने के लिए' मिस्बाह पीसीबी के पांच सलाहकारों में से एक के रूप में शामिल हुए""},{""en"":""Waqar, Misbah among five mentors appointed by PCB for domestic competitions"",""hi"":""घरेलू प्रतियोगिताओं के लिए पीसीबी द्वारा नियुक्त पांच सलाहकारों में वकार, मिस्बाह भी शामिल हैं""},{""en"":""Malik's last-ball four hands Karachi Kings crucial points"",""hi"":""मलिक ने आखिरी गेंद पर चौका लगाकर कराची किंग्स को अहम अंक दिलाए""},{""en"":""Pollard, Malik rescue Kings to clinch last-ball thriller against Qalandars"",""hi"":""पोलार्ड, मलिक ने किंग्स को बचाकर कलंदर्स के खिलाफ आखिरी गेंद पर रोमांचक जीत हासिल की""},{""en"":""Hendricks and Willey spearhead Sultans to victory"",""hi"":""हेंड्रिक्स और विली ने सुल्तांस को जीत दिलाई""}]}"
17,Kamran Akmal,ff077124,Pakistan,Australia,2010-07-21,2010-07-24,Headingley,Test,False,False,28,48,2,6,0,0,0,0,4,0,1,,"['SR Watson', 'MG Johnson']","['caught', 'caught']",0,0,0,0,0,0,0,0,28,6,0,0,1,0,3,0,True,14.0,58.333333333333336,0.0,0.0,0.0,"{'batting_first_original_score': [13, 29, 79], 'batting_first_predicted_score': [17.095924377441406, 16.980207443237305, 16.442949295043945, 39.43982696533203], 'ceil_value': 84.9837008776855, 'chasing_first_original_score': [13, 29, 79], 'chasing_first_predicted_score': [15.985739707946777, 16.33709144592285, 15.687816619873047, 41.11465835571289], 'date_of_match': '2010-07-21 00:00:00', 'doi': 0.12205210181613473, 'economy': [0.19475966691970825], 'fes': 8, 'floor_value': 2.9619184576619375, 'pcb': 0.9286590963602066, 'pfpp': 96.82899058948864, 'points': 0.09445959774700549, 'rank': 18.0, 'score': 53.3695652173913, 'strike_rate': [60.450443267822266], 'team1': [{'player_id': 2006, 'y': 112.21344757080078}, {'player_id': 10655, 'y': 100.61070251464844}, {'player_id': 2768, 'y': 100.30155944824219}, {'player_id': 10607, 'y': 99.6344985961914}, {'player_id': 10212, 'y': 98.71747589111328}, {'player_id': 10355, 'y': 98.64710235595703}, {'player_id': 10108, 'y': 95.19367218017578}, {'player_id': 2999, 'y': 91.83020782470703}, {'player_id': 2879, 'y': 90.25939178466797}, {'player_id': 5244, 'y': 89.69938659667969}, {'player_id': 9349, 'y': 88.0114517211914}], 'team2': [{'player_id': 9396, 'y': 86.67109680175781}, {'player_id': 1318, 'y': 86.31362915039062}, {'player_id': 6405, 'y': 85.76280212402344}, {'player_id': 3601, 'y': 84.10780334472656}, {'player_id': 2968, 'y': 83.09606170654297}, {'player_id': 4175, 'y': 81.61009216308594}, {'player_id': 3198, 'y': 81.25784301757812}, {'player_id': 10574, 'y': 78.3656997680664}, {'player_id': 484, 'y': 76.6075210571289}, {'player_id': 905, 'y': 75.64622497558594}, {'player_id': 1981, 'y': 71.5978775024414}], 'temp': 1065.118896484375, 'y_actual': [110, 108, 17, 19, 88, 58], 'y_pred': [89.00910186767578, 84.7922592163086, 89.30980682373047, 91.68116760253906, 84.7922592163086, 88.06825256347656]}","{""final_rating"":1.8236884153508695,""insights"":[{""en"":""Salman Butt, Kamran Akmal and Rao Iftikhar to assist chief selector Wahab Riaz"",""hi"":""मुख्य चयनकर्ता वहाब रियाज़ की सहायता के लिए सलमान बट, कामरान अकमल और राव इफ्तिखार""},{""en"":""Yusuf, Ojha trump Finch's 75*; Afridi, Sohail, Kamran lead New York Warriors to the top"",""hi"":""यूसुफ, ओझा ने फिंच के 75* रन को मात दी; अफरीदी, सोहेल, कामरान ने न्यूयॉर्क वॉरियर्स को शीर्ष पर पहुंचाया""},{""en"":""Akmal, Sami, Hameed part of Rasheed-led men's selection committee"",""hi"":""अकमल, सामी, हमीद रशीद के नेतृत्व वाली पुरुष चयन समिति का हिस्सा हैं""},{""en"":""Babar replaces Wahab Riaz as Peshawar Zalmi's captain"",""hi"":""Babar replaces Wahab Riaz as Peshawar Zalmi's captain""},{""en"":""Hales' 62 knocks out feisty Peshawar Zalmi"",""hi"":""Hales' 62 knocks out feisty Peshawar Zalmi""}]}"
18,Mohammad Amir,e174dadd,Pakistan,Australia,2010-07-21,2010-07-24,Headingley,Test,False,True,5,12,1,1,0,114,228,7,0,0,0,"SM Katich, lbw, SPD Smith, bowled, MG Johnson, bowled, SM Katich, bowled, RT Ponting, caught, MEK Hussey, caught, MJ North, bowled",['SR Watson'],['lbw'],0,0,0,0,0,0,0,2,5,1,0,5,1,0,3,9,True,5.0,41.66666666666667,16.285714285714285,32.57142857142857,3.0,,"{""final_rating"":1.7556723734445423,""insights"":[{""en"":""Mohammad Amir's in and out exposes flaw in Hundred's tribal gathering"",""hi"":""मोहम्मद अमीर का आना-जाना हंड्रेड की आदिवासी सभा में खामियां उजागर करता है""},{""en"":""Oval Invincibles land statement win as Zampa, Mahmood, Amir thrive"",""hi"":""ज़म्पा, महमूद, आमिर के कामयाब होने से ओवल इनविंसिबल्स की ज़मीन पर जीत दर्ज की गई""},{""en"":""ILT20 Season 3: Russell, Narine, Warner, Pooran among top retentions"",""hi"":""ILT20 सीज़न 3: रसेल, नरेन, वार्नर, पूरन शीर्ष प्रतिधारण में शामिल""},{""en"":""Rizwan takes Pakistan to their first win after Amir-led quicks put on a big show"",""hi"":""आमिर की अगुवाई वाले तेज गेंदबाजों के बड़े प्रदर्शन के बाद रिजवान ने पाकिस्तान को पहली जीत दिलाई""},{""en"":""Pakistan's self-doubt and uncertainty clear for all to see"",""hi"":""पाकिस्तान का आत्म-संदेह और अनिश्चितता सबके सामने स्पष्ट है""}]}"
19,Umar Gul,16dfcc19,Pakistan,Australia,2010-07-21,2010-07-24,Headingley,Test,False,False,1,8,1,0,0,104,153,4,0,0,0,"MJ Clarke, bowled, MEK Hussey, lbw, BW Hilfenhaus, run out, SPD Smith, bowled",['SR Watson'],['bowled'],0,0,0,0,0,0,0,1,1,0,0,3,1,0,3,4,True,1.0,12.5,26.0,38.25,4.078431372549019,"{'batting_first_original_score': [2, 150, 62], 'batting_first_predicted_score': [17.309171676635742, 16.556747436523438, 15.217150688171387, 53.73299026489258], 'ceil_value': 91.21479627489774, 'chasing_first_original_score': [2, 150, 62], 'chasing_first_predicted_score': [16.01134490966797, 15.505126953125, 14.52558708190918, 33.53950500488281], 'date_of_match': '2010-07-21 00:00:00', 'doi': 0.12205210181613473, 'economy': [2.4066100120544434], 'fes': 8, 'floor_value': 11.688157311600143, 'pcb': 0.9286590963602066, 'pfpp': 96.82899058948864, 'points': 0.07102139040558807, 'rank': 20.0, 'score': 46.46467391304348, 'strike_rate': [40.630550384521484], 'team1': [{'player_id': 2006, 'y': 112.21344757080078}, {'player_id': 10655, 'y': 100.61070251464844}, {'player_id': 2768, 'y': 100.30155944824219}, {'player_id': 10607, 'y': 99.6344985961914}, {'player_id': 10212, 'y': 98.71747589111328}, {'player_id': 10355, 'y': 98.64710235595703}, {'player_id': 10108, 'y': 95.19367218017578}, {'player_id': 2999, 'y': 91.83020782470703}, {'player_id': 2879, 'y': 90.25939178466797}, {'player_id': 5244, 'y': 89.69938659667969}, {'player_id': 9349, 'y': 88.0114517211914}], 'team2': [{'player_id': 9396, 'y': 86.67109680175781}, {'player_id': 1318, 'y': 86.31362915039062}, {'player_id': 6405, 'y': 85.76280212402344}, {'player_id': 3601, 'y': 84.10780334472656}, {'player_id': 2968, 'y': 83.09606170654297}, {'player_id': 4175, 'y': 81.61009216308594}, {'player_id': 3198, 'y': 81.25784301757812}, {'player_id': 10574, 'y': 78.3656997680664}, {'player_id': 484, 'y': 76.6075210571289}, {'player_id': 905, 'y': 75.64622497558594}, {'player_id': 1981, 'y': 71.5978775024414}], 'temp': 1065.118896484375, 'y_actual': [110, 108, 17, 19, 88, 58], 'y_pred': [89.00910186767578, 84.7922592163086, 89.30980682373047, 91.68116760253906, 84.7922592163086, 88.06825256347656]}","{""final_rating"":1.8318433067170754,""insights"":[{""en"":""Umar Gul and Saeed Ajmal appointed as Pakistan's bowling coaches"",""hi"":""उमर गुल और सईद अजमल को पाकिस्तान का गेंदबाजी कोच नियुक्त किया गया""},{""en"":""Abdul Rehman to be Pakistan's head coach for Afghanistan T20Is; Umar Gul named bowling coach"",""hi"":""अब्दुल रहमान अफगानिस्तान टी20ई के लिए पाकिस्तान के मुख्य कोच होंगे; उमर गुल को गेंदबाजी कोच नियुक्त किया गया""},{""en"":""The ideal T20 team today looks like Pakistan's 2007 and 2009 World Cup sides"",""hi"":""आज आदर्श टी20 टीम पाकिस्तान की 2007 और 2009 विश्व कप टीमों की तरह दिखती है""},{""en"":""Umar Gul appointed Afghanistan bowling coach"",""hi"":""उमर गुल को अफगानिस्तान का गेंदबाजी कोच नियुक्त किया गया""},{""en"":""What is the highest opening partnership in IPL history?"",""hi"":""आईपीएल इतिहास की सबसे बड़ी ओपनिंग पार्टनरशिप क्या है?""}]}"
20,Danish Kaneria,0be1b885,Pakistan,Australia,2010-07-21,2010-07-24,Headingley,Test,False,False,15,18,1,1,0,84,135,2,0,0,0,"TD Paine, caught, BW Hilfenhaus, caught",['BW Hilfenhaus'],[],0,0,0,0,0,0,0,0,15,1,0,2,1,0,3,2,True,15.0,83.33333333333334,42.0,67.5,3.733333333333333,"{'batting_first_original_score': [85, 48, 43], 'batting_first_predicted_score': [57.02518081665039, 57.01797103881836, 38.704254150390625, 57.01797103881836], 'ceil_value': 99.60650735840662, 'chasing_first_original_score': [85, 48, 43], 'chasing_first_predicted_score': [36.368953704833984, 35.840171813964844, 33.15293502807617, 35.840171813964844], 'date_of_match': '2010-07-21 00:00:00', 'doi': 0.12205210181613473, 'economy': [3.2316293716430664], 'fes': 8, 'floor_value': 23.01571486381561, 'pcb': 0.9286590963602066, 'pfpp': 96.82899058948864, 'points': 0.07192391507651064, 'rank': 21.0, 'score': 50.5, 'strike_rate': [40.01163864135742], 'team1': [{'player_id': 2006, 'y': 112.21344757080078}, {'player_id': 10655, 'y': 100.61070251464844}, {'player_id': 2768, 'y': 100.30155944824219}, {'player_id': 10607, 'y': 99.6344985961914}, {'player_id': 10212, 'y': 98.71747589111328}, {'player_id': 10355, 'y': 98.64710235595703}, {'player_id': 10108, 'y': 95.19367218017578}, {'player_id': 2999, 'y': 91.83020782470703}, {'player_id': 2879, 'y': 90.25939178466797}, {'player_id': 5244, 'y': 89.69938659667969}, {'player_id': 9349, 'y': 88.0114517211914}], 'team2': [{'player_id': 9396, 'y': 86.67109680175781}, {'player_id': 1318, 'y': 86.31362915039062}, {'player_id': 6405, 'y': 85.76280212402344}, {'player_id': 3601, 'y': 84.10780334472656}, {'player_id': 2968, 'y': 83.09606170654297}, {'player_id': 4175, 'y': 81.61009216308594}, {'player_id': 3198, 'y': 81.25784301757812}, {'player_id': 10574, 'y': 78.3656997680664}, {'player_id': 484, 'y': 76.6075210571289}, {'player_id': 905, 'y': 75.64622497558594}, {'player_id': 1981, 'y': 71.5978775024414}], 'temp': 1065.118896484375, 'y_actual': [110, 108, 17, 19, 88, 58], 'y_pred': [89.00910186767578, 84.7922592163086, 89.30980682373047, 91.68116760253906, 84.7922592163086, 88.06825256347656]}","{""final_rating"":1.6930079150280157,""insights"":[{""en"":""Who among Younis, Inzamam, Misbah and Yousuf makes it to Pakistan's greatest Test XI of the last 30 years?"",""hi"":""यूनिस, इंजमाम, मिस्बाह और यूसुफ में से कौन पिछले 30 वर्षों में पाकिस्तान की सबसे महान टेस्ट एकादश में जगह बनाता है?""},{""en"":""PCB: Saleem Malik's response unsatisfactory and irrelevant"",""hi"":""पीसीबी: सलीम मलिक का जवाब असंतोषजनक और अप्रासंगिक""},{""en"":""Danish Kaneria finally admits guilt in Mervyn Westfield spot-fixing case"",""hi"":""दानिश कनेरिया ने आखिरकार मर्विन वेस्टफील्ड स्पॉट फिक्सिंग मामले में अपना दोष स्वीकार कर लिया""},{""en"":""Yasir Shah's Australian burden"",""hi"":""यासिर शाह का ऑस्ट्रेलियाई बोझ""},{""en"":""The fast man and the leggie"",""hi"":""तेज़ आदमी और लेगी""}]}"
21,Mohammad Asif,e03b66ec,Pakistan,Australia,2010-07-21,2010-07-24,Headingley,Test,False,False,9,12,0,1,0,116,218,5,0,0,0,"SR Watson, lbw, RT Ponting, lbw, TD Paine, caught, MJ Clarke, caught, MG Johnson, lbw",[],['run out'],0,0,0,0,0,0,0,2,9,1,0,3,1,0,3,6,True,9.0,75.0,23.2,43.6,3.192660550458716,"{'batting_first_original_score': [49, 65, 17], 'batting_first_predicted_score': [48.40697479248047, 47.957916259765625, 48.455780029296875, 44.421573638916016], 'ceil_value': 88.33653057015444, 'chasing_first_original_score': [49, 65, 17], 'chasing_first_predicted_score': [38.81547164916992, 39.12146759033203, 39.611083984375, 41.11447525024414], 'date_of_match': '2010-07-21 00:00:00', 'doi': 0.12205210181613473, 'economy': [1.601723551750183], 'fes': 8, 'floor_value': 8.430592717516802, 'pcb': 0.9286590963602066, 'pfpp': 96.82899058948864, 'points': 0.08263063589585137, 'rank': 22.0, 'score': nan, 'strike_rate': [43.80436325073242], 'team1': [{'player_id': 2006, 'y': 112.21344757080078}, {'player_id': 10655, 'y': 100.61070251464844}, {'player_id': 2768, 'y': 100.30155944824219}, {'player_id': 10607, 'y': 99.6344985961914}, {'player_id': 10212, 'y': 98.71747589111328}, {'player_id': 10355, 'y': 98.64710235595703}, {'player_id': 10108, 'y': 95.19367218017578}, {'player_id': 2999, 'y': 91.83020782470703}, {'player_id': 2879, 'y': 90.25939178466797}, {'player_id': 5244, 'y': 89.69938659667969}, {'player_id': 9349, 'y': 88.0114517211914}], 'team2': [{'player_id': 9396, 'y': 86.67109680175781}, {'player_id': 1318, 'y': 86.31362915039062}, {'player_id': 6405, 'y': 85.76280212402344}, {'player_id': 3601, 'y': 84.10780334472656}, {'player_id': 2968, 'y': 83.09606170654297}, {'player_id': 4175, 'y': 81.61009216308594}, {'player_id': 3198, 'y': 81.25784301757812}, {'player_id': 10574, 'y': 78.3656997680664}, {'player_id': 484, 'y': 76.6075210571289}, {'player_id': 905, 'y': 75.64622497558594}, {'player_id': 1981, 'y': 71.5978775024414}], 'temp': 1065.118896484375, 'y_actual': [110, 108, 17, 19, 88, 58], 'y_pred': [89.00910186767578, 84.7922592163086, 89.30980682373047, 91.68116760253906, 84.7922592163086, 88.06825256347656]}","{""final_rating"":1.6873650571762167,""insights"":[{""en"":""The ideal T20 team today looks like Pakistan's 2007 and 2009 World Cup sides"",""hi"":""आज आदर्श टी20 टीम पाकिस्तान की 2007 और 2009 विश्व कप टीमों की तरह दिखती है""},{""en"":""The 'real value' of wickets: can anyone match McGrath?"",""hi"":""विकेटों का 'असली मूल्य': क्या कोई मैक्ग्रा की बराबरी कर सकता है?""},{""en"":""The balls of the century, No. 2: Mohammad Asif to VVS Laxman"",""hi"":""शतक की गेंदें, नंबर 2: मोहम्मद आसिफ से वीवीएस लक्ष्मण तक""},{""en"":""Will this be the summer of Naseem Shah and Shaheen Afridi?"",""hi"":""क्या यह नसीम शाह और शाहीन अफरीदी की गर्मी होगी?""},{""en"":""Which players have been the biggest losses to cricket this century?"",""hi"":""इस सदी में किन खिलाड़ियों ने क्रिकेट को सबसे ज्यादा नुकसान पहुंचाया है?""}]}"